{"cameraMode":{"drawMode":0,"name":"Shaded","section":"Shading Mode"},"sceneLighting":true,"audioPlay":false,"sceneViewState":{"showFog":true,"showMaterialUpdate":false,"showSkybox":true,"showFlares":true,"showImageEffects":true,"showParticleSystems":true},"in2DMode":false,"pivot":{"x":-0.7168326377868652,"y":-19.775062561035158,"z":24.12859344482422},"rotation":{"x":0.4091288447380066,"y":-0.002187856240198016,"z":0.0009812890784814954,"w":0.9124748110771179},"size":29.87609100341797,"orthographic":true}