{"cameraMode":{"drawMode":0,"name":"Shaded","section":"Shading Mode"},"sceneLighting":true,"audioPlay":false,"sceneViewState":{"showFog":true,"showMaterialUpdate":false,"showSkybox":true,"showFlares":true,"showImageEffects":true,"showParticleSystems":true},"in2DMode":false,"pivot":{"x":-0.7168326377868652,"y":-19.775062561035158,"z":24.12859344482422},"rotation":{"x":0.3940189480781555,"y":-0.0008251904509961605,"z":0.00035402202047407627,"w":0.9191030859947205},"size":29.87609100341797,"orthographic":true}