{"cameraMode":{"drawMode":0,"name":"Shaded","section":"Shading Mode"},"sceneLighting":true,"audioPlay":false,"sceneViewState":{"showFog":true,"showMaterialUpdate":false,"showSkybox":true,"showFlares":true,"showImageEffects":true,"showParticleSystems":true},"in2DMode":false,"pivot":{"x":0.0306396484375,"y":-1.3296937942504883,"z":-1.7983300685882569},"rotation":{"x":-0.3423583507537842,"y":-0.6154471635818481,"z":0.33726969361305239,"w":-0.6247403025627136},"size":17.283052444458009,"orthographic":false}